Sender,Message
human,i have chest pain
ai,"Okay, I understand you're experiencing chest pain. That can be quite concerning.

To help me understand what might be going on, could you describe the chest pain? For instance, **what does the pain feel like (e.g., sharp, dull, pressure, squeezing, burning)?**
"
human,sharp pain
ai,"Okay, you said the chest pain is sharp.

Can you tell me **where exactly in your chest you feel the sharp pain?**
"
human,left side
ai,"Okay, the sharp pain is on the left side of your chest.

Can you tell me, **does the pain radiate anywhere else, like your arm, neck, or back?**
"
human,yes
ai,"Okay, you mentioned the sharp pain on the left side of your chest radiates to another location.

To understand better, can you describe **where exactly does the pain radiate to?**

Based on your description of sharp pain on the left side of your chest that radiates, it's important to consider possibilities like musculoskeletal issues (such as strained muscles"
human,to all those places
ai,"Okay, you mentioned the sharp pain on the left side of your chest radiates to your arm, neck, and back.

To get a clearer picture, could you describe **how long the pain lasts when you experience it?**

Given that the sharp pain radiates to your arm, neck, and back, cardiac issues still need to be considered. However, it's also possible that this could be related to nerve compression or a musculoskeletal problem affecting multiple areas. It's important to gather more information to narrow down the possibilities.
"
human,its been happening for a few minutes
ai,"Okay, you said the sharp pain on the left side of your chest that radiates to your arm, neck, and back lasts for a few minutes.

To help me understand better, can you describe **what you were doing or what was happening right before the pain started?**

Given that the sharp pain radiates to your arm, neck, and back, and lasts for a few minutes, cardiac issues still need to be considered. Musculoskeletal problems and nerve compression could still be the cause as well. Gathering more information will help narrow down the possibilities.
"
human,i was playing valorant
ai,"Okay, I have gathered information about your chest pain.

**Summary of your medical concern:**

You are experiencing sharp pain on the left side of your chest that radiates to your arm, neck, and back. The pain lasts for a few minutes.

**Possible Diagnoses:**

Based on the information you've provided, here are some possible diagnoses to consider:

*   **Angina:** Chest pain caused by reduced blood flow to the heart muscle.
*   **Pericarditis:** Inflammation of the sac surrounding the heart.
*   **Musculoskeletal pain:** Pain originating from muscles, bones, or joints in the chest wall.
*   **Nerve-related pain:** Pain caused by irritated or compressed nerves in the chest, neck, or back.
*   **Esophageal spasm:** Sudden, severe chest pain caused by involuntary contractions of the esophagus.
*   **Panic attack:** A sudden episode of intense fear that can trigger physical symptoms like chest pain.

**Recommended Doctor Specialty:**

Given your symptoms, I recommend that you consult with a **cardiologist** as soon as possible. They can conduct necessary tests to rule out any serious heart-related issues. It is also important to visit your **general practitioner** for a well-rounded approach to your medical concern.
"
