Doctor Name,Specialty,City,State,Rating
Brianna Shelton,Neurologist,Coxside,GA,3.86
Mike Sampson,Rheumatologist,Lisaside,GA,3.99
Derek Daniels,Allergist,New Sherylshire,GA,3.56
David Benson,Neurologist,East Debra,GA,4.49
Alison Spence,Ophthalmologist,East Joshuashire,GA,4.16
Michelle French,Pediatrician,Lake Levishire,GA,4.28
Cristian Oneill,Cardiologist,East Annaburgh,GA,4.84
Brian Williams,Oncologist,North Collin,GA,3.62
Kathy Ortiz,ENT Specialist,Pamelashire,GA,4.17
Denise Beck,Allergist,Kingfurt,GA,3.69
Barbara Bell,Cardiologist,Fordside,GA,3.99
Jeffrey Reed,Oncologist,East Jennifer,GA,3.62
Debra Robertson,Rheumatologist,Richardmouth,GA,4.92
Isaac Hammond,General Practitioner,Fletcherfurt,GA,4.03
Brian Smith,Pulmonologist,East Matthewton,GA,4.27
Laura Powell,Oncologist,Port Austinfurt,GA,4.31
Monique Mccarthy,ENT Specialist,Allenville,GA,4.22
Shannon Melton MD,Ophthalmologist,East Joshuashire,GA,4.46
Jeffrey Carter,Pediatrician,Lake Michelle,GA,4.79
Jennifer Lloyd,Cardiologist,Josephmouth,GA,4.31
Vanessa Kelly,Allergist,South Calebstad,GA,4.19
Tyler Williams,Oncologist,Leeport,GA,4.85
Debra Mack,Endocrinologist,Sandersport,GA,4.32
Brian Thompson,Pulmonologist,Johnville,GA,4.25
Nicholas Evans,Pulmonologist,North Erikaton,GA,4.82
Justin Villanueva,Dermatologist,Weaverland,GA,3.78
Carlos Phillips,Pulmonologist,East Williamside,GA,4.59
Samantha Smith,Ophthalmologist,Port Malik,GA,4.72
Matthew Mccoy,Endocrinologist,Michaelview,GA,4.84
Cesar Richardson,Neurologist,Richardport,GA,4.77
Terry Gonzalez,Orthopedic Surgeon,Mossside,GA,4.97
Breanna Cunningham,Dermatologist,Port Emilystad,GA,4.21
Chris Wilkins,Cardiologist,Housebury,GA,3.64
Elizabeth Kelley,Pediatrician,Peggyborough,GA,3.62
Teresa Rogers,ENT Specialist,Allenville,GA,4.05
Bruce Adams,Orthopedic Surgeon,Hornetown,GA,4.24
Jasmin Kelly,Dermatologist,Monicafurt,GA,4.94
Melanie Robinson,Nephrologist,Ibarrafort,GA,4.68
Gabriela Wright,Nephrologist,Ibarrafort,GA,4.69
Nicole Thompson,General Practitioner,New Karenmouth,GA,4.55
Shawn Lee,Cardiologist,Michellefort,GA,4.8
Timothy Allen,Pediatrician,Lake Alexisberg,GA,4.71
Heidi Jacobs,Nephrologist,Port Jeffreytown,GA,4.26
Zachary Lewis,Ophthalmologist,Jamiemouth,GA,3.84
Valerie Delacruz,Endocrinologist,Lake Matthewmouth,GA,4.19
Victoria Griffin,Cardiologist,East Cindy,GA,3.55
Scott Blanchard,Endocrinologist,West Lisaport,GA,4.95
Michael Rivera,ENT Specialist,Markport,GA,4.17
Benjamin Jones,ENT Specialist,Bryantstad,GA,3.62
Amber Peters,Nephrologist,Annfort,GA,3.89
Lonnie Kelly Jr.,Pediatrician,South Timothyview,GA,4.78
Christopher Ford,Ophthalmologist,Lake Amandashire,GA,4.55
Dr. Tracy Mueller,Cardiologist,West Christopher,GA,4.13
Daniel Hoover,Allergist,Nguyenfurt,GA,3.99
Michelle Tran,Cardiologist,South William,GA,3.66
Stephen Bray,Rheumatologist,New Josehaven,GA,4.12
Gary Reese,Nephrologist,Pattersonfurt,GA,4.87
John Garner,Allergist,North Robertberg,GA,3.78
Stephanie Turner,General Practitioner,New Karenmouth,GA,3.95
Bradley Ellis,Allergist,Blackland,GA,4.72
Abigail Tucker,Pulmonologist,Lake Jared,GA,4.5
Gregory King,Neurologist,East Debra,GA,3.72
Cassandra Oliver,Rheumatologist,Hudsonfort,GA,3.63
Marie Pena,ENT Specialist,West Erica,GA,4.73
Holly Ramirez,Endocrinologist,Lake Jenniferbury,GA,4.22
Natalie Mercer,Rheumatologist,Chadmouth,GA,4.89
Joel Curry,ENT Specialist,North Davidbury,GA,4.88
Ronald Willis DDS,Dermatologist,Monicafurt,GA,4.39
Kevin Guerrero,Neurologist,East Anthonyfort,GA,3.82
Brett Gonzalez,General Practitioner,Port Heatherfort,GA,4.27
Stacey Jenkins,Allergist,Lake Shane,GA,3.75
Morgan Lopez,General Practitioner,Joelshire,GA,3.74
Michael West,Neurologist,East Markburgh,GA,4.47
Donald Williams,General Practitioner,East Sandra,GA,4.36
Susan Sanchez,General Practitioner,Lake Bryanshire,GA,4.59
Megan Valenzuela,Gastroenterologist,Roychester,GA,3.79
Devin Porter,Cardiologist,East Annaburgh,GA,4.62
Debbie Smith,ENT Specialist,Amyview,GA,3.78
Natalie Bailey,Gastroenterologist,East Laura,GA,3.79
Luis Strong,General Practitioner,Garyberg,GA,3.58
Louis Hill,Cardiologist,South Blake,GA,4.41
Madison Wiley,Nephrologist,Port Megan,GA,4.09
Lisa Cortez,Endocrinologist,Chungchester,GA,4.81
Michael Harrison,Nephrologist,Davisbury,GA,3.8
Ashley Taylor,Neurologist,North Jamesland,GA,4.02
Zachary Allen,Neurologist,Richardport,GA,4.86
Kimberly Allen,Pulmonologist,East Tanyaland,GA,4.28
Robert Campbell,Pediatrician,Margaretview,GA,4.2
Kathy Lee,Dermatologist,Lake Anneburgh,GA,4.5
Mary Hess,ENT Specialist,West Erica,GA,4.76
Daniel Smith,Endocrinologist,Lake Melissaburgh,GA,4.26
Sarah Barnes,Pulmonologist,East Tanyaland,GA,4.42
Christopher Blackwell,ENT Specialist,Katrinaton,GA,3.67
Kimberly Morgan,Nephrologist,West Jerry,GA,4.92
Franklin Fisher,Nephrologist,Andrewfort,GA,4.01
Maria Morton,General Practitioner,South Stephen,GA,4.78
Samantha Ellis,Cardiologist,Housebury,GA,4.76
Eric Morales,Pediatrician,Lake Levishire,GA,4.02
Brandon Holland,ENT Specialist,South Gary,GA,4.6
Brittany Harding,General Practitioner,South Barryport,GA,3.72
Bryan Clarke,Nephrologist,Nelsonfurt,GA,3.87
Judy Tucker,Endocrinologist,West Lisaport,GA,4.79
Gabriella Smith,Allergist,North Robertberg,GA,3.65
Tammy Castro,Orthopedic Surgeon,Tamitown,GA,3.56
Barbara Cox,Neurologist,Lake Tarastad,GA,3.96
Jonathan Saunders,Rheumatologist,East Brett,GA,3.91
Benjamin Williams,Gastroenterologist,Lake Joseph,GA,4.76
Sharon Armstrong,Pulmonologist,New Aprilbury,GA,3.51
Michael Perkins,Orthopedic Surgeon,East Christopherfurt,GA,3.53
Ruth Clark,Dermatologist,New Krystal,GA,4.59
Kyle Cowan,ENT Specialist,North Robert,GA,4.15
Jacob Norton,Dermatologist,Monicafurt,GA,4.74
Isaiah Harrison,Cardiologist,Barronside,GA,4.57
Tara Bates,ENT Specialist,Lake Darlene,GA,3.58
Patricia Morrow,Allergist,Sharonport,GA,3.95
Alexis Hensley,Oncologist,East Brian,GA,3.72
Michelle Sanchez,Rheumatologist,Port Sherrimouth,GA,4.58
Brian French,Allergist,Carterville,GA,4.9
Ronald Moore,Neurologist,West Adam,GA,4.24
David Gates,Allergist,Lake Shane,GA,4.76
Jeffrey Roy,Cardiologist,Port Angela,GA,4.43
Thomas Welch,Pulmonologist,East Joshuabury,GA,4.36
Jeffrey Brewer MD,ENT Specialist,West Martin,GA,3.9
James Oneal,Rheumatologist,Lake Chelsey,GA,4.07
Amanda Cunningham,Endocrinologist,Smithville,GA,3.87
Amanda Lopez,Nephrologist,Lake Catherineport,GA,3.86
Jonathan Gutierrez,Dermatologist,Port Haleymouth,GA,4.81
Paige Jones,Pediatrician,Robertside,GA,4.3
Michael Martinez,Gastroenterologist,Nicolefort,GA,3.99
Briana Frank,Nephrologist,New Marvinborough,GA,4.85
Miguel Lynn,Gastroenterologist,Hardyfort,GA,4.37
David Smith,Ophthalmologist,New Kristenmouth,GA,4.91
Nicole Jones,Ophthalmologist,Port Markside,GA,3.51
Tara Wilson,Gastroenterologist,North Robert,GA,3.63
Jason Maldonado,Oncologist,East Brian,GA,4.46
Peter Parks,Nephrologist,Pottsborough,GA,4.01
Brad Sanders,Pediatrician,New Kimberlyton,GA,3.82
Paul Rodriguez,Ophthalmologist,Lake Amandashire,GA,4.38
Deborah Austin,Cardiologist,Vincentview,GA,3.55
Debra Allen,Allergist,North Robertberg,GA,4.49
Jesus Mays,Allergist,South Emily,GA,4.49
Michael Moore,Orthopedic Surgeon,Williamsstad,GA,4.32
Michael Barrett,Ophthalmologist,Jamiemouth,GA,4.73
Kevin Johnson,Pulmonologist,East Tanyaland,GA,4.34
Cynthia Klein,Oncologist,South Katherineborough,GA,4.85
Alisha Ward PhD,Cardiologist,Housebury,GA,4.47
Laura Ross,Rheumatologist,Lake Chelsey,GA,4.66
Michael Carrillo,ENT Specialist,Rushfurt,GA,4.49
Debra Green,Endocrinologist,West Jessicachester,GA,4.27
Nicole Clark,Dermatologist,Walkerton,GA,4.43
Ernest Avery,ENT Specialist,North Danabury,GA,4.32
Danielle Duncan,Endocrinologist,East Paul,GA,3.88
Jennifer Anderson,Endocrinologist,East Paul,GA,4.76
Sydney Brown,Endocrinologist,Lisaside,GA,4.51
Jennifer Hodge,Dermatologist,Samanthafurt,GA,3.54
Teresa Clay,Pediatrician,Lake Michelle,GA,4.31
Leslie Smith MD,Allergist,South Calebstad,GA,4.16
Heather Martinez,Neurologist,Newtonberg,GA,4.5
Nicholas Warren,Endocrinologist,Lake Jenniferbury,GA,3.66
Bryce Thomas,Rheumatologist,Brianton,GA,3.72
Norma Mueller,ENT Specialist,Markport,GA,3.9
Christopher Hicks,Pulmonologist,East Shannonmouth,GA,3.7
Matthew Lewis,Rheumatologist,Paulton,GA,3.65
Jessica Smith,ENT Specialist,Katrinaton,GA,3.97
Jessica Rivera,Nephrologist,West Jerry,GA,4.82
Eric Ellis,Endocrinologist,East Paul,GA,4.32
Teresa Barron,Pediatrician,Robertside,GA,4.76
Justin Hunter,Endocrinologist,Edwardsshire,GA,4.69
Dr. Jacob Lloyd MD,Endocrinologist,West Lisaport,GA,3.95
Tami Rivera,Neurologist,Josephshire,GA,4.06
Kenneth Miller,Allergist,Port Jeremyview,GA,3.7
Melissa Robinson,ENT Specialist,Amyview,GA,4.9
Kylie Williams,Allergist,Robertmouth,GA,4.15
Kathryn Fisher,General Practitioner,New Williammouth,GA,3.93
Dustin Brown,Ophthalmologist,North Cathy,GA,4.07
Mark Jenkins,General Practitioner,South Barryport,GA,3.68
Paul Watkins,Oncologist,South Margaret,GA,4.67
Charles White,Nephrologist,Thomashaven,GA,4.27
James Chavez,Neurologist,East Markburgh,GA,3.86
Jacqueline Griffin,Cardiologist,West George,GA,3.92
Cynthia Rogers,Orthopedic Surgeon,North Ryan,GA,3.99
Ashlee Mitchell,General Practitioner,North Sarah,GA,4.79
Gary Luna,Gastroenterologist,Nicolefort,GA,4.22
Sean Chandler,Nephrologist,Wrightborough,GA,4.23
Bradley Brown,General Practitioner,Wallerfurt,GA,3.5
Bryan Mccullough,Gastroenterologist,Codyfort,GA,4.04
John Ross,Allergist,Robertmouth,GA,3.77
Darlene Gonzalez,General Practitioner,Garyberg,GA,3.54
Daniel Thompson DVM,Pediatrician,Lake Carly,GA,4.16
Susan Martinez,Dermatologist,New Donald,GA,4.04
Richard Russell,Endocrinologist,Lake Anthony,GA,3.92
Vincent Williams,Dermatologist,New Patriciafort,GA,3.55
Timothy Roberts,Gastroenterologist,Melissachester,GA,3.9
Elizabeth Edwards,ENT Specialist,Kimberlyshire,GA,4.31
Jeremy Fitzgerald,Pulmonologist,Parkberg,GA,4.29
Katrina Baker,Orthopedic Surgeon,Mossside,GA,4.52
Robert Ford,Neurologist,East Anthonyfort,GA,4.52
Bailey Miller,Gastroenterologist,Jasonberg,GA,4.59
Cynthia Warren,Rheumatologist,Hudsonfort,GA,3.79
Joshua Figueroa,Pediatrician,Robertside,GA,4.02
Heather Thornton,Pulmonologist,Kevintown,GA,4.35
Rodney West,Dermatologist,New Sean,GA,3.54
Michele Mercer,Ophthalmologist,Port Robert,GA,4.18
Elizabeth Cruz,Ophthalmologist,Michaelview,GA,4.83
David Holloway,Oncologist,Ashleychester,GA,4.77
Janice Wilson,Allergist,West Shelly,GA,3.97
Ryan Mitchell,Orthopedic Surgeon,North Justinview,GA,4.17
Mark Arroyo,Allergist,Nguyenfurt,GA,4.36
James Carter,Oncologist,Port Chelsea,GA,4.21
Christopher Diaz,Nephrologist,East Morgan,GA,3.89
Austin Terry,Allergist,Kristinburgh,GA,4.07
Angelica Barr,Orthopedic Surgeon,West Kathrynton,GA,4.15
Sylvia Snyder,Rheumatologist,Brianton,GA,4.53
Heather Hammond,Oncologist,East Todd,GA,4.05
Nicholas Leonard,Orthopedic Surgeon,Tamitown,GA,4.84
Debra Dudley,Neurologist,Parkshire,GA,4.31
Joshua Delgado,Orthopedic Surgeon,Andreahaven,GA,4.88
Erin Lloyd,Neurologist,Williamsmouth,GA,4.87
Shelley Hess,Allergist,West Christopherfort,GA,3.71
Richard Grant,Pulmonologist,East Tanyaland,GA,3.98
Brittany Snyder,Ophthalmologist,South Josephhaven,GA,4.29
Gerald Evans,Nephrologist,Foxhaven,GA,4.14
Patricia Howard,Allergist,North Robertberg,GA,4.11
Grace Smith,Orthopedic Surgeon,Mullinsmouth,GA,4.86
Matthew Sanders,Cardiologist,East Cindy,GA,3.65
Steven Walker,Neurologist,Newtonberg,GA,4.1
Taylor Salinas,Nephrologist,New Marvinborough,GA,4.06
Jessica Copeland,Neurologist,Newtonberg,GA,4.82
Kimberly Wilcox,Neurologist,Grahamside,GA,3.72
Traci Davis,Rheumatologist,Omarton,GA,3.69
Robert Hill,Ophthalmologist,Lake Amandashire,GA,4.26
Michael Nunez,General Practitioner,Michaelport,GA,4.19
Adam Graham,Nephrologist,Port Jeffreytown,GA,4.03
Dawn Young,Gastroenterologist,Fitzgeraldtown,GA,3.85
Denise Vaughn,Dermatologist,Brendamouth,GA,4.2
Jermaine Griffin,Orthopedic Surgeon,Mossside,GA,3.94
Linda Webb,Neurologist,Joshuamouth,GA,4.93
Michael Juarez,Oncologist,Hernandezville,GA,4.94
Elizabeth Hodges,Cardiologist,West James,GA,3.59
Wesley Arnold,Pediatrician,Benjaminmouth,GA,3.78
James Becker,Orthopedic Surgeon,Port Joelport,GA,3.9
Pam Alvarado,ENT Specialist,North Danabury,GA,4.8
Samuel Smith,Cardiologist,Mariomouth,GA,3.94
Donna Green,Oncologist,Barrerabury,GA,4.79
Veronica Brewer,Neurologist,Richardport,GA,4.35
Jade Rodriguez,General Practitioner,Batesville,GA,4.24
Patricia Duncan,ENT Specialist,North Michaelatown,GA,3.88
James Burke,Nephrologist,Fergusonton,GA,3.91
Anne Nolan,Endocrinologist,North Michael,GA,4.46
James Munoz,Pediatrician,Port Kimberly,GA,3.91
Lisa Harris,Gastroenterologist,Thomasborough,GA,3.68
Carlos Reese,Nephrologist,Lake Catherineport,GA,4.01
Felicia Wells,Ophthalmologist,West Morganfurt,GA,3.85
Marvin Perry,General Practitioner,New Darius,GA,4.5
Barbara Daniels,ENT Specialist,Robinsonland,GA,4.76
Teresa Oliver,Nephrologist,Port Megan,GA,4.22
Russell Raymond,Orthopedic Surgeon,Lake Phillip,GA,4.05
Jennifer Davis,Nephrologist,Lopezberg,GA,3.62
Karen Horton,Rheumatologist,Hudsonfort,GA,4.56
Heather Stevens,Gastroenterologist,Romeroside,GA,4.7
Lisa Brown,Allergist,West Shelly,GA,4.37
Angel Giles,Cardiologist,Barronside,GA,3.66
Bradley Walker,Gastroenterologist,Thorntonberg,GA,5.0
Mary Nelson,Pulmonologist,Chaseview,GA,4.7
Patrick Grant,Rheumatologist,Molinaport,GA,4.64
William Martinez,Neurologist,Parkshire,GA,4.52
Patrick Barker,Dermatologist,East Robertton,GA,4.65
Heidi Gibson,Oncologist,Lake Ginamouth,GA,3.91
Erica White,Ophthalmologist,South Angelicaland,GA,4.77
Christopher Stein,Neurologist,Goodmanburgh,GA,3.93
Savannah Bell,Pediatrician,Lake Michelle,GA,4.95
Michelle Booker,Dermatologist,Brendamouth,GA,3.7
Katie White,Allergist,Kingfurt,GA,4.07
Keith Martin,Allergist,Sharonport,GA,4.3
Gary Murphy,Allergist,Brianland,GA,4.04
Alexander Roberts,General Practitioner,Sotoport,GA,4.49
Paul White,Orthopedic Surgeon,South Dennisfort,GA,4.91
Daniel Aguirre,Pediatrician,Craigburgh,GA,4.24
Joseph Morales,General Practitioner,Batesville,GA,4.13
Kathleen King,Gastroenterologist,Romeroside,GA,4.29
Dwayne Leach,Cardiologist,East Justin,GA,4.78
Andrea Carpenter,Gastroenterologist,North Kelly,GA,4.25
Shaun Henderson,Allergist,Simpsonhaven,GA,3.71
Connie Norman,ENT Specialist,Velasquezburgh,GA,3.96
Ashley Ramirez,Allergist,East Karen,GA,4.0
Mathew Salazar,Ophthalmologist,South Amberside,GA,3.66
Andrew Villegas,Orthopedic Surgeon,East Christopherfurt,GA,4.3
Andrea Simpson,Allergist,Blackland,GA,3.6
Kyle Gonzales,Oncologist,Smithburgh,GA,3.77
Michelle Wilson,Endocrinologist,Lake Anthony,GA,3.92
Sarah Obrien,Oncologist,North Collin,GA,3.75
Jillian Wheeler,Oncologist,West Wesleyfurt,GA,4.29
William Fox,Rheumatologist,Omarton,GA,4.32
Bryan Foley,Cardiologist,Lake Alexander,GA,4.85
Frank Parrish,Gastroenterologist,Normanmouth,GA,4.0
Elizabeth Cohen,ENT Specialist,East John,GA,3.5
Barbara Martin,Ophthalmologist,Lake Sydney,GA,3.54
Jeremiah Ramirez,Oncologist,Sandersport,GA,4.8
Mark Carter,Orthopedic Surgeon,Mariahland,GA,4.06
Joshua Conley,Pediatrician,Richardton,GA,3.62
Donald Garrison,Allergist,East Evelynhaven,GA,3.82
Micheal Lopez,Endocrinologist,Thompsonmouth,GA,3.78
Laurie Richardson,Oncologist,South Katherineborough,GA,4.48
Stacy Chung,Gastroenterologist,South Michaelfurt,GA,3.65
Jeffery Martin,Pediatrician,Leachview,GA,4.97
John Collier,General Practitioner,Lopezshire,GA,3.66
Garrett Ellis,Pediatrician,Port Natalie,GA,4.03
Kevin Allen,Oncologist,Smithburgh,GA,3.62
William Banks,Neurologist,East Anthonyfort,GA,4.28
Eric Phillips,Endocrinologist,Lake Melissaburgh,GA,4.75
Zachary Lewis,Allergist,West Victoria,GA,4.81
Michael Hill,Cardiologist,Josephmouth,GA,4.74
Dustin Edwards,ENT Specialist,Rushfurt,GA,4.37
Joseph Robles,Endocrinologist,East Brent,GA,3.82
Adam Gilbert,Cardiologist,West James,GA,3.66
Rachel Grant,Rheumatologist,Port Jeffery,GA,4.49
William Hernandez,Pulmonologist,Kathrynmouth,GA,4.14
Christopher Hall,Dermatologist,West Adamstad,GA,4.0
Linda Ortiz,Nephrologist,Lopezberg,GA,4.05
Jonathan Mitchell,Allergist,South Lisa,GA,4.19
Joseph Johnson,Dermatologist,Walkerton,GA,4.17
Christopher Gardner,Rheumatologist,South Karinaview,GA,4.41
Michelle Torres,Cardiologist,West Christopher,GA,3.8
Veronica Mcbride,Dermatologist,Monicafurt,GA,4.47
Jose Williams,Pediatrician,West Melissa,GA,4.91
Cassandra Burgess,Oncologist,Joshuaport,GA,4.67
Ariel Cunningham,Ophthalmologist,Port Markside,GA,4.82
Jocelyn Ellison,General Practitioner,North Sarah,GA,3.97
Richard Miller,Pulmonologist,East Williamside,GA,4.61
Andrew Newton,Ophthalmologist,Matthewhaven,GA,4.84
Autumn Galloway,Neurologist,South Mariah,GA,4.41
William Harris,ENT Specialist,North Robert,GA,3.85
Sarah Chapman,Cardiologist,Mariomouth,GA,4.26
Terrance Hill MD,General Practitioner,Sotoport,GA,4.53
Sara Hobbs,Rheumatologist,New Josehaven,GA,4.94
Katherine Rubio,Pediatrician,Lake Alexisberg,GA,4.39
Kenneth Mann,General Practitioner,Batesville,GA,4.25
Stacey Torres,Oncologist,Sandersport,GA,4.77
Robert Walter,Dermatologist,Monicafurt,GA,3.64
Patricia Yoder,Pediatrician,Leachview,GA,4.24
Joseph Ochoa,Pulmonologist,Johnville,GA,3.69
Elizabeth Smith,General Practitioner,Garyberg,GA,4.6
Richard Hill,Orthopedic Surgeon,Mooreborough,GA,4.7
Brian Scott,Allergist,Carterville,GA,3.98
Jesse Harrell,Nephrologist,Stevenmouth,GA,3.77
Nicholas Rogers,ENT Specialist,Lake Darlene,GA,4.67
Patricia Mendoza,Dermatologist,East Timothy,GA,4.24
Kyle Martinez,ENT Specialist,Allenville,GA,4.96
David Rhodes DDS,Rheumatologist,South Cherylshire,GA,4.46
Kathryn Mcclure,Gastroenterologist,Rachelport,GA,4.27
Erin Hunter,Oncologist,Smithburgh,GA,3.6
David Sanchez,Gastroenterologist,East Laura,GA,4.31
Andrew Meyer,Oncologist,South Margaret,GA,3.72
Brian Rodriguez,Cardiologist,Devinview,GA,3.72
David Montgomery,Dermatologist,East Timothy,GA,4.15
Robert Fleming,Pediatrician,Port Natalie,GA,5.0
Angela White,Allergist,Carterville,GA,4.86
David Roberts,ENT Specialist,Lake Darlene,GA,4.85
Bethany Johnson,Ophthalmologist,New Jasminemouth,GA,4.43
Vanessa Pearson,Cardiologist,Marshallville,GA,4.02
Gabrielle Hull,Pediatrician,Leachview,GA,3.97
Daisy Green,Pulmonologist,Port Sarah,GA,3.66
Gregory Adams,Orthopedic Surgeon,Mooreborough,GA,4.34
Matthew Hanson,Pulmonologist,East Tanyaland,GA,4.56
Bradley Hudson,Cardiologist,Port Angela,GA,4.39
Joseph Howard,Ophthalmologist,Arnoldville,GA,4.03
Randall Meadows,Rheumatologist,Port Sherrimouth,GA,4.91
Daniel Miller,Pediatrician,Richardton,GA,4.28
Erica Bowers,Neurologist,Parkshire,GA,4.51
Patrick Smith,Rheumatologist,East Brett,GA,4.97
Gina Newman,Gastroenterologist,Leebury,GA,3.75
Scott Lopez,Oncologist,South Melindaport,GA,3.61
Tiffany Matthews,Dermatologist,Brendamouth,GA,4.63
Teresa Marshall,Allergist,Lake Kelly,GA,4.8
Brianna Miller,Allergist,East Gabrielmouth,GA,3.94
Manuel Simpson,Gastroenterologist,Leebury,GA,3.99
Tiffany Cunningham,Ophthalmologist,West Keith,GA,4.03
Jamie Fisher,Oncologist,Joshuaport,GA,4.08
Christopher Parker,Dermatologist,Brendamouth,GA,4.37
Louis Baird,Ophthalmologist,Mannside,GA,4.21
Brian Ellis,Pulmonologist,New Pamela,GA,4.72
John Holloway,Neurologist,West Jeffreyshire,GA,4.12
Tina Gaines,Dermatologist,Lake Davidland,GA,4.8
Kyle Middleton,Dermatologist,West Adamstad,GA,4.91
Michael Nielsen,General Practitioner,Pagechester,GA,4.63
Deborah Lyons,Oncologist,Ashleychester,GA,3.87
Earl Rodriguez,Neurologist,Grahamside,GA,4.68
Timothy Chapman,Allergist,Vargasville,GA,4.62
Mr. Joseph Thomas,Nephrologist,Jadeport,GA,3.59
Melanie Blake,Endocrinologist,West Jessica,GA,4.72
Mark Cox,Neurologist,Parkshire,GA,4.54
Tracy Fitzpatrick,Gastroenterologist,Lake Joseph,GA,3.52
Matthew Young,Ophthalmologist,New Samantha,GA,4.94
Taylor Bennett,Orthopedic Surgeon,Lake Phillip,GA,4.51
Faith Jacobs,Oncologist,Lake Ginamouth,GA,3.57
Bill Jones,Dermatologist,West Michelle,GA,4.72
Richard Patton,Endocrinologist,West Jessicachester,GA,4.12
Angela Medina,Neurologist,Robertsview,GA,3.55
Curtis Webb,Allergist,East Evelynhaven,GA,3.59
Colton Benjamin,Pediatrician,Seanshire,GA,4.82
Eric Wilson,Allergist,Nguyenfurt,GA,4.44
Robert Martinez,Dermatologist,West Adamstad,GA,4.38
Brian Jones,Pediatrician,Juarezborough,GA,4.8
Penny Nelson DDS,Dermatologist,Port Emilystad,GA,3.66
Jerry Shepherd,Orthopedic Surgeon,Franklinmouth,GA,4.2
Amanda Harris,ENT Specialist,West Erica,GA,4.78
Kristin Calderon,Neurologist,North Jamesland,GA,3.93
Jennifer Hernandez,Orthopedic Surgeon,West Kathrynton,GA,3.73
Nathaniel Carroll,Oncologist,Lake Joanna,GA,3.99
Thomas Mills,Neurologist,West Jeffreyshire,GA,4.45
John Reid,ENT Specialist,West Erica,GA,3.86
Richard Davis,Nephrologist,Port Alexander,GA,3.85
Karen West,Pulmonologist,Lauraport,GA,4.83
Julia Lucas,Nephrologist,Port Megan,GA,3.83
Douglas Collins,Gastroenterologist,Port Thomasport,GA,3.64
Anthony Valenzuela,General Practitioner,Pagechester,GA,4.16
Eric Gamble,Ophthalmologist,Port Markside,GA,4.31
Brandon Jefferson,Cardiologist,Port Angela,GA,4.86
Deborah Perez,Nephrologist,Annfort,GA,4.52
Frederick Deleon,Gastroenterologist,Heatherport,GA,4.45
John Kemp,Oncologist,Leeport,GA,3.73
Donald Douglas,Dermatologist,Weaverland,GA,4.28
Adam Cook,Pediatrician,Richardton,GA,3.94
Eric Snyder,Pulmonologist,East Joshuabury,GA,4.07
Michelle Kelly,General Practitioner,Brandonfort,GA,4.43
Jeffrey Barnes,Orthopedic Surgeon,Port Michael,GA,4.78
Kathy Anderson,Endocrinologist,East Paul,GA,3.77
Micheal Smith,General Practitioner,Port Richard,GA,3.97
Tina Thomas,Pulmonologist,North Linda,GA,4.91
Jennifer Doyle,Pediatrician,Lake Alexisberg,GA,4.23
Melissa Butler,Cardiologist,Housebury,GA,4.91
Donna Mendez,General Practitioner,New Hollyfort,GA,4.84
Kevin Mcguire,Cardiologist,East Robertbury,GA,4.69
Amanda Ortiz,Rheumatologist,Hallshire,GA,4.63
Kathy Johnson,Nephrologist,Lopezberg,GA,3.9
Joel Dunn,Rheumatologist,Paulton,GA,3.71
Jacob English,Pulmonologist,Lake Amybury,GA,3.89
Matthew West,Allergist,Sharonport,GA,4.02
Lisa Warren,Pediatrician,New Christine,GA,4.53
Mathew Mercado,Oncologist,Port Austinfurt,GA,4.71
Kimberly French,Orthopedic Surgeon,Lake Barbaraview,GA,3.89
Veronica Waters,Pulmonologist,Lauraport,GA,4.51
Amber Wright,Rheumatologist,New Josehaven,GA,4.74
Christina Chandler,Dermatologist,West Michelle,GA,4.24
Alexandra Hoover MD,General Practitioner,North Sarah,GA,3.62
Ashley Schmidt,Pulmonologist,North Michael,GA,3.64
Edward Davis,Gastroenterologist,East Laura,GA,4.89
Sheena Garcia,Pulmonologist,Parkberg,GA,4.34
Kimberly Dougherty,Neurologist,North Jamesland,GA,4.79
Billy Fox,Nephrologist,Wrightborough,GA,3.78
Monica Campbell,Rheumatologist,Paulton,GA,4.19
Robert Brown,Dermatologist,North Gary,GA,4.87
John Barr,ENT Specialist,Amyview,GA,4.26
Kim Freeman,ENT Specialist,West Erica,GA,4.86
Sean Wright,Pulmonologist,Lauraport,GA,3.52
Mary Jones,Orthopedic Surgeon,Shirleyside,GA,3.63
Jeremy Hill,Pulmonologist,South Sarah,GA,3.62
Catherine Ward,Allergist,Lake Kelly,GA,4.43
Wendy Ali,Rheumatologist,Warnerburgh,GA,4.3
Heidi Daniels,Pediatrician,Peggyborough,GA,3.63
Shane Gonzalez,Dermatologist,Weaverland,GA,4.26
Joseph Hill,Gastroenterologist,Thorntonberg,GA,3.89
Joshua Horne,Orthopedic Surgeon,North Phillipside,GA,4.7
Jordan Jones,Dermatologist,North Gary,GA,3.88
Jaime Andrews,General Practitioner,Lake Bryanshire,GA,3.8
Chelsea Perez,Orthopedic Surgeon,Lake Pamchester,GA,4.18
Timothy Morales,Gastroenterologist,Roychester,GA,3.57
Robert Pearson,Endocrinologist,West Jessica,GA,4.52
Edward Combs,Nephrologist,Annfort,GA,4.67
Stephanie Jackson,Rheumatologist,Hudsonfort,GA,4.42
Matthew Mcdonald,Dermatologist,Brendamouth,GA,3.57
Joshua Brown,ENT Specialist,Lake Chelsea,GA,4.46
Michael Padilla,Endocrinologist,Lake Jenniferbury,GA,4.23
William Mitchell,ENT Specialist,Velasquezburgh,GA,3.75
Tyler Diaz,Pulmonologist,Parkberg,GA,3.96
John Harrison,Oncologist,East Brian,GA,4.82
Mrs. Dominique Ramos,Neurologist,Christopherborough,GA,4.68
Lori Carroll,Endocrinologist,Angelberg,GA,3.5
Samantha Morton,General Practitioner,New Laurabury,GA,4.45
Jason Stein,Orthopedic Surgeon,Port Joelport,GA,3.59
Perry Nelson,Orthopedic Surgeon,Carsonburgh,GA,3.53
Rebecca Moran,Allergist,Sharonport,GA,4.23
John Johnson,ENT Specialist,Katrinaton,GA,4.94
Cody Graves,Oncologist,Maryhaven,GA,4.02
Maria Johnson,Cardiologist,Victorport,GA,4.81
Robert Bradley,Gastroenterologist,South Michaelfurt,GA,3.72
Katherine Black,Gastroenterologist,Roychester,GA,4.14
Alexander Vincent,Pediatrician,Port Christyland,GA,4.78
Kelly Fleming,General Practitioner,Hernandezport,GA,4.26
Ronnie Shaw,Orthopedic Surgeon,Andreahaven,GA,3.58
Oscar Jones,Oncologist,Port Austinfurt,GA,4.41
Laura Proctor,Orthopedic Surgeon,Williamsstad,GA,3.51
Ivan Parker,Nephrologist,Thomashaven,GA,4.91
Kevin King,Nephrologist,East Morgan,GA,4.17
Jose Smith,Allergist,Sharonport,GA,4.02
Amanda Mays,Orthopedic Surgeon,Shirleyside,GA,4.16
Jose Scott,General Practitioner,North Sherry,GA,3.93
Ryan Thompson,Gastroenterologist,Normanmouth,GA,3.79
Bianca Guerrero,ENT Specialist,Lake Darlene,GA,4.57
Emily Walton,Dermatologist,Port Alexis,GA,4.73
Michelle Bowman,Nephrologist,Fergusonton,GA,3.62
Jacob Robertson,Cardiologist,East Joanneshire,GA,4.37
Paul Morales,Rheumatologist,Kristyhaven,GA,4.44
Aaron Manning,Allergist,West Victoria,GA,3.89
Christine Murphy,Endocrinologist,Lake Matthewmouth,GA,4.92
Charles Daniel,Cardiologist,Thomasview,GA,4.54
Denise Harrington MD,General Practitioner,Ashleyberg,GA,4.44
Candice Waters,Dermatologist,Walkerton,GA,3.91
Michael Johnson,Ophthalmologist,Jamesville,GA,3.81
Richard Stephens,Oncologist,East Brian,GA,4.22
Patricia Bruce,ENT Specialist,Port Kimfort,GA,4.19
Keith Morgan,Orthopedic Surgeon,Shirleyside,GA,4.41
Manuel Guzman,Endocrinologist,Lisaside,GA,4.48
James Sanchez,Orthopedic Surgeon,North Justinview,GA,3.72
Belinda Stone,Pulmonologist,North Linda,GA,3.66
Mary Johnson,General Practitioner,South Stephen,GA,4.45
Susan Villarreal,Ophthalmologist,Lake Sydney,GA,4.41
Amy Baird,Oncologist,Maryhaven,GA,4.04
Jasmine Smith,Neurologist,Coxside,GA,4.61
Taylor Norman,General Practitioner,New Williammouth,GA,3.94
Margaret Ford,Dermatologist,North Gary,GA,4.58
Andrea Campos,Gastroenterologist,Beasleyton,GA,4.33
Shannon Richardson,Allergist,Kingfurt,GA,4.21
Thomas Martinez,Nephrologist,New Marvinborough,GA,4.18
Natalie Evans,Cardiologist,West Christopher,GA,4.03
Christine Brewer,Pediatrician,New Kimberlyton,GA,4.73
Lynn King,Gastroenterologist,Heatherport,GA,3.72
Edward Mccarty,Orthopedic Surgeon,West Davidbury,GA,4.29
Veronica Anthony,ENT Specialist,North Danabury,GA,3.74
Amy Schmidt,ENT Specialist,Amyview,GA,4.0
Joshua Zuniga,Endocrinologist,Lake Matthewmouth,GA,4.8
Benjamin Mercado,Cardiologist,East Cindy,GA,3.97
Kelly Webb,Allergist,New Sherylshire,GA,3.96
Amanda Gutierrez,Pediatrician,Lake Michelle,GA,3.62
Pamela Rogers,Gastroenterologist,East Thomasport,GA,3.56
Crystal Dillon,Dermatologist,Lake Charlesbury,GA,4.32
John Ward,Allergist,Lake Shane,GA,4.32
Ronnie Bryant,Rheumatologist,Richardmouth,GA,3.6
Kevin Valdez,Cardiologist,Port Scottborough,GA,3.89
Connor Brandt,Pulmonologist,Parkberg,GA,4.37
Lisa Butler,Ophthalmologist,South Angelicaland,GA,4.45
Jonathan Johnson,Pulmonologist,Woodbury,GA,4.07
John Stevenson,Pediatrician,Christinaborough,GA,3.97
Rebecca Willis,Oncologist,North Collin,GA,4.19
David Allen,Allergist,East Karen,GA,4.11
Christina Evans,Pediatrician,South Maryfurt,GA,3.92
Christopher Mercado,Rheumatologist,Warnerburgh,GA,4.98
Elizabeth Ramirez,Ophthalmologist,West Morganfurt,GA,4.51
Christina Jones,ENT Specialist,North Robert,GA,4.74
Grace Santos,Nephrologist,Annfort,GA,4.56
Leroy Lucero,ENT Specialist,Robinsonland,GA,3.98
Angela Bowen,Nephrologist,West Jerry,GA,4.59
Lynn Johnson,Pulmonologist,East Shannonmouth,GA,4.23
Cristina Campbell,Dermatologist,Samanthafurt,GA,4.3
Gregory Contreras,General Practitioner,South Barryport,GA,3.61
Nicole Wright,Nephrologist,Davisbury,GA,4.31
Joseph Davis,Rheumatologist,Hudsonfort,GA,4.89
Raymond Williams,ENT Specialist,West Erica,GA,3.93
Anne Callahan,Ophthalmologist,Lake Sydney,GA,4.86
Luis Gardner,Rheumatologist,Port Sherrimouth,GA,3.92
Anthony Alvarez,Neurologist,Grahamside,GA,4.92
Curtis Rubio,Pediatrician,Lake Carly,GA,3.79
Andrew Terry,Gastroenterologist,Lake Joseph,GA,3.83
Daniel Edwards,Gastroenterologist,Fitzgeraldtown,GA,3.76
Christopher Navarro,Gastroenterologist,Fitzgeraldtown,GA,4.94
Autumn Mitchell,Neurologist,Robertostad,GA,4.29
Michelle Patton,Nephrologist,Pattersonfurt,GA,4.43
Matthew Marquez,Nephrologist,South Darrell,GA,4.59
Mary Tucker,Nephrologist,Port Alexander,GA,3.55
William Reese,Nephrologist,West Jerry,GA,4.97
James Rivera,Endocrinologist,Sandersport,GA,4.08
Joshua Lewis,Ophthalmologist,East Joshuashire,GA,3.61
James Thomas,Rheumatologist,New Josehaven,GA,4.43
Eric Wiley,Orthopedic Surgeon,Lake Pamchester,GA,4.36
Sarah Wells,Dermatologist,East Timothy,GA,4.6
William Murphy,Oncologist,Sandersport,GA,3.72
Christina Wallace,Pulmonologist,East Tanyaland,GA,4.37
Sarah Mcdaniel,Endocrinologist,Lake Matthewmouth,GA,4.86
Christine Hoover,ENT Specialist,East John,GA,3.63
Bobby Brady,Gastroenterologist,Melissachester,GA,3.51
Kimberly Martinez,Pulmonologist,East Matthewton,GA,4.09
Scott Sandoval,Neurologist,Josephshire,GA,4.38
David Chambers,Gastroenterologist,Heatherport,GA,4.25
Heidi Moran,Rheumatologist,South Karinaview,GA,4.41
Joseph Moore,Pulmonologist,Port Sarah,GA,4.05
Richard King,ENT Specialist,West Lorrainefort,GA,3.75
Elaine Lawson,Cardiologist,West James,GA,4.98
Shannon Patel,Pulmonologist,Kevintown,GA,4.36
Julia Alexander,ENT Specialist,Velasquezburgh,GA,4.46
Diane Robinson,Allergist,Simpsonhaven,GA,3.65
Jennifer Edwards,Pediatrician,Port Christyland,GA,3.7
Kimberly Valdez,Endocrinologist,Edwardsmouth,GA,3.81
Robert Black,Gastroenterologist,Leebury,GA,4.21
Keith Huff,Nephrologist,New Marvinborough,GA,3.68
Erika Green,Pulmonologist,Chaseview,GA,4.34
Karen Bradley,Rheumatologist,Paulton,GA,4.86
Sandra Massey,Rheumatologist,Port Stevebury,GA,4.17
Christopher Martin,Ophthalmologist,Arnoldville,GA,4.98
David Mckenzie,Oncologist,Christinetown,GA,3.76
Kathy Alexander,Allergist,North Robertberg,GA,4.85
Brent Ibarra,Neurologist,Robertsview,GA,4.99
Jennifer Golden,Endocrinologist,Edwardsshire,GA,3.94
Jason Reynolds,Neurologist,West Adam,GA,4.62
Amy Andersen,Ophthalmologist,Port Robert,GA,4.86
Gary Cole,Cardiologist,Port Angela,GA,4.53
Marcia Carr,Ophthalmologist,Samanthaton,GA,4.41
Caleb Thompson,Rheumatologist,Brianton,GA,4.36
Kylie Lamb,Oncologist,West Wesleyfurt,GA,4.17
Christopher Mills,Gastroenterologist,Codyfort,GA,3.67
Pamela Smith,ENT Specialist,North Michaelatown,GA,4.25
Chris Galvan,Pulmonologist,East Joshuabury,GA,4.53
Jason Diaz,Ophthalmologist,Port Sherry,GA,4.22
Larry Gutierrez,Ophthalmologist,Arnoldville,GA,4.56
Joseph Lee,Gastroenterologist,East Scottview,GA,3.74
Cynthia Wolf,Rheumatologist,Hallshire,GA,4.94
Rachel Woods,Nephrologist,Floresport,GA,4.2
Tyler Thomas,Gastroenterologist,Thorntonberg,GA,4.46
Jesus Benton,Gastroenterologist,Thorntonberg,GA,4.24
Lucas Brennan,Allergist,Sharonport,GA,4.67
Ryan Mitchell,Gastroenterologist,Melissachester,GA,4.68
William Wallace,Orthopedic Surgeon,Haaston,GA,3.51
Cody Pennington,Gastroenterologist,East Laura,GA,4.85
Douglas Williams,Nephrologist,Wrightborough,GA,4.66
Brian Hernandez,Dermatologist,New Sean,GA,3.98
Kent White,Pediatrician,Juarezborough,GA,3.57
Brenda Fry,Nephrologist,Peterside,GA,4.21
Patricia Morales,Pediatrician,Port Christyland,GA,4.4
Linda Tanner,Pediatrician,South Jamesside,GA,4.29
Michael Cruz,Orthopedic Surgeon,Andreahaven,GA,4.15
Shannon Delacruz,Pediatrician,West Melissa,GA,4.74
Ryan Flores,Dermatologist,Maciasmouth,GA,5.0
Anna Byrd,ENT Specialist,Markport,GA,3.7
Mr. Anthony Shields,Oncologist,Port Chelsea,GA,3.67
Patricia Wade,General Practitioner,Hernandezport,GA,4.2
Victor Allen,ENT Specialist,West Martin,GA,4.4
Kristina Johnson,Pediatrician,Seanshire,GA,3.77
Michael Rogers,Nephrologist,Ibarrafort,GA,4.27
Karen Keith,Dermatologist,Brendamouth,GA,4.63
Michelle Rivera DDS,Cardiologist,Devinview,GA,4.29
Sarah Sullivan,Nephrologist,Stevenmouth,GA,3.7
Paul Andrews,Rheumatologist,Hudsonfort,GA,4.41
Gail Hernandez,Orthopedic Surgeon,North Ryan,GA,4.01
Jennifer Holland,Endocrinologist,Port Karen,GA,4.35
Bruce Morales,Allergist,Robertmouth,GA,4.07
Ryan Smith,General Practitioner,New Darius,GA,4.87
Timothy Myers,Allergist,Robertmouth,GA,4.81
Sara Castillo,Endocrinologist,Edwardsshire,GA,3.98
Robin Matthews,Dermatologist,Port Emilystad,GA,3.71
Lisa Silva,Dermatologist,North Gary,GA,3.55
Destiny Gamble,ENT Specialist,New Kristen,GA,4.68
Lawrence Nash,Orthopedic Surgeon,North Justinview,GA,4.21
Jacob Holder,ENT Specialist,Port Kimfort,GA,4.84
Vanessa Morrison,Endocrinologist,Port Karen,GA,4.73
Lee Burns,Gastroenterologist,Lake Davidside,GA,4.25
Anthony White,Pulmonologist,South Willieton,GA,4.47
Juan Kirby,Pulmonologist,Lake Jared,GA,3.98
Caitlin Logan,Cardiologist,East Cindy,GA,3.96
Bridget Anderson,Allergist,Port Jeremyview,GA,3.9
Jeremy Jimenez,Dermatologist,Lake Anneburgh,GA,4.5
Rhonda Lee,Endocrinologist,Edwardsmouth,GA,4.17
Rebecca Long,Rheumatologist,North Brendaland,GA,3.67
Sheila Mora,Gastroenterologist,North Robert,GA,3.86
Michael Brewer MD,Ophthalmologist,Lake Sydney,GA,4.53
Jennifer Smith,Pulmonologist,Woodbury,GA,4.02
Mary Brown,General Practitioner,North Sarah,GA,4.84
Terry Hampton,Rheumatologist,Lisaside,GA,4.17
Kelly Taylor,Dermatologist,New Krystal,GA,4.05
Jennifer Peck,Rheumatologist,South Karinaview,GA,4.52
Michael Lucas,Nephrologist,Pattersonfurt,GA,4.39
Jack Reyes,Gastroenterologist,New Beth,GA,4.07
Darlene Ross,Cardiologist,Perezburgh,GA,3.93
Kevin Cain,Ophthalmologist,Josephfurt,GA,4.02
Nicholas Ballard,Rheumatologist,Hudsonfort,GA,4.84
Jeremy Barber,Pulmonologist,Lake Amybury,GA,3.87
Tyler Ramirez,Pulmonologist,Parkberg,GA,3.53
Dr. Kimberly Everett,Pulmonologist,North Michael,GA,4.3
Michelle Becker,Neurologist,North Jamesland,GA,4.78
John Clark,General Practitioner,Wallerfurt,GA,4.79
David Higgins,Rheumatologist,Kristyhaven,GA,4.05
Chris Flores,Allergist,Stephenburgh,GA,4.73
Natasha Martinez,Pulmonologist,East Joshuabury,GA,4.61
Leslie Kelly,Pediatrician,Christinaborough,GA,3.99
Kathleen Payne,Rheumatologist,North Brendaland,GA,3.83
Grant Campbell,General Practitioner,Lake Bryanshire,GA,4.59
Travis Mcmahon,Gastroenterologist,Beasleyton,GA,4.18
Patrick Barnes,Dermatologist,East Timothy,GA,4.53
Beverly Palmer,Dermatologist,Lake Charlesbury,GA,4.52
Brittany Jones,Nephrologist,Pottsborough,GA,4.39
Betty Dyer,Nephrologist,Timothyborough,GA,4.86
Sean Allen,Rheumatologist,Omarton,GA,4.81
Jesus Mcdowell,Allergist,North Robertberg,GA,3.87
Donald Malone DDS,Neurologist,Joshuamouth,GA,4.45
Michael Walker,Pediatrician,Benjaminmouth,GA,4.57
Kara Bradley,Cardiologist,Port Scottborough,GA,4.42
Eric Sanchez,Ophthalmologist,Josephfurt,GA,4.47
Crystal Chambers,Allergist,Whitneybury,GA,3.99
Ana Garza,Nephrologist,Port Jeffreytown,GA,4.7
Cynthia Wood,Nephrologist,East Morgan,GA,3.69
Ricky Sandoval,Cardiologist,Vincentview,GA,4.13
Jordan Lester,Rheumatologist,Chadmouth,GA,4.46
Joshua Johnson,Gastroenterologist,East Thomasport,GA,4.71
Larry Wilson,Allergist,South Samanthaview,GA,4.16
Dr. Lucas Williams,Allergist,East Gabrielmouth,GA,3.64
Brenda Phelps,Oncologist,Smithburgh,GA,4.87
Kevin Phillips,Ophthalmologist,Lake Amandashire,GA,4.55
Ricky Smith,Orthopedic Surgeon,Port Michael,GA,4.3
Sandra Moreno,Pulmonologist,Kathrynmouth,GA,4.72
Ryan Curry,Nephrologist,Annfort,GA,4.17
Elizabeth Phillips,Cardiologist,Port Angela,GA,4.29
Michael Acosta,Nephrologist,Nelsonfurt,GA,4.15
Matthew Robertson,Allergist,Smithport,GA,3.82
Brittany Lee,Allergist,Carterville,GA,3.82
Steven Davis,Neurologist,Christopherborough,GA,4.4
Nicholas Miller,Allergist,South Samanthaview,GA,4.49
Paul Mccullough,Endocrinologist,Michaelview,GA,4.55
Joshua Munoz,Gastroenterologist,Lake Davidside,GA,3.53
Christopher James,Orthopedic Surgeon,Lake Pamchester,GA,4.3
Christopher Thomas,ENT Specialist,Armstrongbury,GA,3.75
Amy Trevino,Endocrinologist,Port Tyrone,GA,3.81
Kevin Scott,Endocrinologist,Lisaside,GA,3.51
Mr. Todd Johnson,General Practitioner,Lopezshire,GA,3.53
Chad Page,Pulmonologist,New Aprilbury,GA,3.91
Timothy May,Oncologist,North Shanefurt,GA,3.5
Richard Aguilar,Cardiologist,Marshallville,GA,4.39
Derek Ball,Gastroenterologist,Beasleyton,GA,4.51
Heather Murphy,Orthopedic Surgeon,Haaston,GA,3.51
Bryan Kim,Nephrologist,Floresport,GA,3.83
Christopher Charles,Endocrinologist,Michaelview,GA,3.56
Charles Kaufman,Gastroenterologist,Nicolefort,GA,4.03
Kelli Hines,Dermatologist,New Donald,GA,4.23
Samuel Hale,Pediatrician,Juarezborough,GA,4.87
Douglas Kennedy,Allergist,West Victoria,GA,4.47
Margaret Wright,Allergist,Lake Kelly,GA,4.44
Gina Owens,Ophthalmologist,Lake Sydney,GA,4.58
Douglas Phillips,Gastroenterologist,Heatherport,GA,4.33
Shawn Robinson,Endocrinologist,West Jessicachester,GA,4.25
David Walsh,Ophthalmologist,Jamiemouth,GA,3.72
Tanya Rangel,Pediatrician,Lake Alexisberg,GA,4.91
Stefanie Harrison,Gastroenterologist,Port Thomasport,GA,4.16
Kelly Mckenzie,Pulmonologist,Chaseview,GA,4.67
Adam Schmidt,Pulmonologist,Kevintown,GA,3.85
Bryan Willis,Pulmonologist,Orrfort,GA,4.04
Thomas Combs,Orthopedic Surgeon,Lake Barbaraview,GA,4.06
Tracy Wright,ENT Specialist,North Michaelatown,GA,3.67
Matthew Myers,Cardiologist,Housebury,GA,4.95
Elizabeth Nguyen,Neurologist,Grahamside,GA,4.02
Carlos Newman,Nephrologist,West Jerry,GA,4.89
Thomas Schultz,Ophthalmologist,New Brianashire,GA,4.89
Randall Kent,Orthopedic Surgeon,Hornetown,GA,4.97
Elizabeth Lewis,Nephrologist,Port Megan,GA,3.51
Donald Garrison,Pulmonologist,South Willieton,GA,3.88
Eric Vargas,Rheumatologist,Chadmouth,GA,4.68
Edward Robinson,Pulmonologist,East Matthewton,GA,3.76
Megan Sawyer,Ophthalmologist,New Brianashire,GA,3.98
Justin Woods,Oncologist,Port Austinfurt,GA,4.1
Gregory Bailey,General Practitioner,Joelshire,GA,4.83
Patrick Meza,Oncologist,North Collin,GA,3.59
David Simmons,Cardiologist,East Robertbury,GA,4.2
James Clark,Ophthalmologist,South Josephhaven,GA,4.61
Martha Sandoval,Allergist,Brianland,GA,4.5
Mark Carter,Cardiologist,West George,GA,4.91
Patrick Daniels,Orthopedic Surgeon,North Phillipside,GA,4.67
Karen Wang,ENT Specialist,Velasquezburgh,GA,3.74
Dr. Robert Payne,Rheumatologist,East Brett,GA,4.71
Bill Hart,Orthopedic Surgeon,Haaston,GA,4.96
Julie Edwards,Endocrinologist,East Paul,GA,3.9
Brandon Sanders,Pediatrician,Peggyborough,GA,4.02
Emily Johnson,Endocrinologist,Lake Matthewmouth,GA,3.96
William Jackson,Pediatrician,Craigburgh,GA,3.58
John Reynolds,Allergist,East Karen,GA,4.0
Gina Jones,Allergist,Whitneybury,GA,4.09
Dr. Michelle Garcia,Gastroenterologist,Leebury,GA,3.76
Katelyn Duran,Endocrinologist,Sandersport,GA,4.1
Catherine Rogers,Cardiologist,East Joanneshire,GA,4.66
Edward Livingston,Pulmonologist,North Victoria,GA,4.71
Paula Moyer,Pediatrician,Christinaborough,GA,4.5
Theresa Elliott,Cardiologist,Port Kevin,GA,3.74
Sherri Gross DDS,Neurologist,Newtonberg,GA,4.61
Jennifer Wallace,Dermatologist,West Joshua,GA,4.33
Ruben Adams,Gastroenterologist,Roychester,GA,4.1
Eric Rodriguez,Rheumatologist,Lisaview,GA,4.03
Kenneth Burns,Pediatrician,Lake Michelle,GA,4.45
Billy Burns,Rheumatologist,East Brett,GA,4.97
Tammy Trujillo,Pediatrician,South Maryfurt,GA,4.04
Christopher Brown,Cardiologist,West James,GA,4.8
Brenda Zavala,Allergist,Robertmouth,GA,4.68
Meghan Wallace,Neurologist,Christopherborough,GA,4.04
Morgan Cook,Neurologist,Campbellberg,GA,4.37
Nicole Russo,ENT Specialist,Moranfort,GA,3.78
Michelle Garza,Rheumatologist,Chadmouth,GA,4.85
Jessica Caldwell,Cardiologist,Mariomouth,GA,4.24
Daniel Bates,Nephrologist,Wrightborough,GA,3.91
David Bailey,Rheumatologist,Molinaport,GA,4.8
Nicholas Padilla,Endocrinologist,West Jessica,GA,3.99
Lori Butler,Orthopedic Surgeon,Lake Pamchester,GA,3.96
Pamela West,Oncologist,South Katherineborough,GA,4.85
Darlene Edwards,Allergist,South Lisa,GA,4.23
Crystal Mueller,Endocrinologist,East Michaelland,GA,4.01
Matthew Higgins,Pediatrician,Port Natalie,GA,3.78
Debra Smith,Ophthalmologist,Port Sherry,GA,3.94
Sara Jones,Pediatrician,Margaretview,GA,4.09
Julie Jones,Pulmonologist,Lake Amybury,GA,3.71
Paul Best,Cardiologist,Michellefort,GA,4.79
Christopher Patterson,Dermatologist,South Christopher,GA,4.1
Angela Coleman,Pediatrician,Margaretview,GA,3.88
Mrs. Shannon Nielsen,Rheumatologist,Richardmouth,GA,3.97
Cindy Lam,Allergist,South Samanthaview,GA,3.74
Michael Maynard,Oncologist,Maryhaven,GA,4.33
Stephen Meyer,Nephrologist,Peterside,GA,4.77
Alyssa Boyer,Allergist,East Evelynhaven,GA,4.99
Debra Jenkins,Gastroenterologist,South Michaelfurt,GA,3.98
Kathleen Sweeney,Orthopedic Surgeon,Mariahland,GA,4.58
Tammy Cole,ENT Specialist,Bryantstad,GA,4.42
Katie Mercado PhD,Oncologist,Leeport,GA,3.63
Gina Murphy,Nephrologist,Amandashire,GA,4.77
Jeffery Thompson,Rheumatologist,Krausemouth,GA,4.23
George Smith,Gastroenterologist,Lake Duane,GA,4.92
Margaret Mcdowell,General Practitioner,East Amanda,GA,4.51
Michael Smith MD,Orthopedic Surgeon,Andreahaven,GA,3.64
Matthew Ferguson,ENT Specialist,East Mary,GA,3.54
Hannah Conley,Nephrologist,Port Jeffreytown,GA,3.65
Brianna Nelson,Orthopedic Surgeon,Port Michael,GA,3.64
Sarah Shelton,Allergist,Port Jeremyview,GA,3.54
Michael Miller,Cardiologist,East Joanneshire,GA,4.85
Connie Rodriguez,Endocrinologist,East Stevenfurt,GA,4.51
Crystal Lynch,Orthopedic Surgeon,Lake Pamchester,GA,4.25
Hunter Young,Nephrologist,South Darrell,GA,4.14
Linda Tran,Endocrinologist,Sandersport,GA,3.74
Jose Davis,Dermatologist,North Gary,GA,4.99
Wayne Cochran,Endocrinologist,North Jasonberg,GA,4.97
Candice Gonzalez,Oncologist,Ashleychester,GA,3.96
Emily Freeman,Allergist,Lake Kelly,GA,4.45
Ann Mccarthy,General Practitioner,Fletcherfurt,GA,4.89
David Peck,Allergist,North Robertberg,GA,4.61
Erika Nichols,Dermatologist,North Williamberg,GA,3.61
Jessica Adams,Pediatrician,Margaretview,GA,4.17
Alexandria Williams,Rheumatologist,Hudsonfort,GA,3.68
Marissa Montoya,Dermatologist,Weaverland,GA,3.93
Heather Scott,Neurologist,Markland,GA,4.07
Carlos Newton,Orthopedic Surgeon,West Kathrynton,GA,3.55
Phillip Andrews,Orthopedic Surgeon,Haaston,GA,4.86
Ryan Grimes,Pediatrician,Christinaborough,GA,4.05
Jay Shah,Dermatologist,Port Emilystad,GA,3.74
Robin Mendoza,Nephrologist,Davisbury,GA,3.74
David Perez,General Practitioner,West Christopher,GA,4.04
Lauren Perry,ENT Specialist,North Danabury,GA,4.97
David Massey,ENT Specialist,Moranfort,GA,4.06
Megan Gonzales,ENT Specialist,Velasquezburgh,GA,4.23
Travis Wright,Nephrologist,Wrightborough,GA,3.53
Miss Brittany Hatfield,Oncologist,Christinetown,GA,3.56
Karen Jackson,Neurologist,South Susanchester,GA,4.27
Philip Green,Pulmonologist,North Michael,GA,4.44
Matthew Thomas,Orthopedic Surgeon,North Phillipside,GA,3.57
Angela Brown,Gastroenterologist,South Michaelfurt,GA,3.55
Luke Wilson,Rheumatologist,Port Sherrimouth,GA,3.78
Alexandra Perez,Gastroenterologist,Lake Davidside,GA,4.51
Anthony Hebert,Neurologist,Coxside,GA,4.79
Kevin Jennings,Nephrologist,South Darrell,GA,4.53
Jeffrey Phelps,Dermatologist,West Michelle,GA,4.73
Danny Miller,Pulmonologist,Johnville,GA,4.47
Yvonne Hernandez,Endocrinologist,Lake Jenniferbury,GA,3.6
Emily Campos,Rheumatologist,East Brett,GA,4.33
Brooke Garcia,Allergist,West Christopherfort,GA,4.67
Andrew Glover,Allergist,Whitneybury,GA,4.57
Aaron Larson,Cardiologist,Lake Erinview,GA,4.59
Tiffany Duncan,Endocrinologist,Port Tyrone,GA,4.48
Brittany Humphrey,Pediatrician,Margaretview,GA,4.66
Robert Mitchell,Pediatrician,Lake Levishire,GA,4.71
Joseph Miller,ENT Specialist,Armstrongbury,GA,4.45
Lauren Palmer,Gastroenterologist,Port Markville,GA,4.86
Mark Schmitt,Endocrinologist,Port Karen,GA,3.71
Benjamin Ramos,General Practitioner,East Amanda,GA,3.52
Christy Mendoza,Allergist,New Douglas,GA,4.12
Ricardo Murphy,Endocrinologist,Thompsonmouth,GA,4.94
Kimberly Bradford,Neurologist,West Adam,GA,4.48
Cheryl Robinson,Rheumatologist,Molinaport,GA,3.75
Jonathan Holmes,Oncologist,Hernandezville,GA,3.77
Michael Bell,Neurologist,South Susanchester,GA,3.75
Tony Bates,Neurologist,South Mariah,GA,4.97
Edward Bradford,General Practitioner,New Hollyfort,GA,4.29
Samuel Freeman,Ophthalmologist,Mannside,GA,4.1
Kaitlin Davila,Allergist,South Calebstad,GA,4.85
Vernon Johnson,Allergist,Port Jeremyview,GA,3.63
Kevin Moreno,Endocrinologist,Port Karen,GA,4.79
Mark Nguyen,ENT Specialist,Lisachester,GA,3.81
Vanessa Cruz,Pulmonologist,North Robert,GA,3.75
Megan Ross,Allergist,Lake Shane,GA,4.78
Jordan Madden,Nephrologist,Lake Michael,GA,3.65
Susan Hickman,ENT Specialist,Velasquezburgh,GA,3.63
Shannon Hood,Pediatrician,Leachview,GA,3.58
Carrie Mercado,Endocrinologist,Sandersport,GA,4.57
Connie Lloyd,General Practitioner,Ashleyberg,GA,4.43
Kenneth Johnson,Neurologist,Joshuamouth,GA,3.89
Samantha Harris,Ophthalmologist,West Morganfurt,GA,4.8
Mariah Tucker,Dermatologist,Port Haleymouth,GA,4.67
Samuel Smith,ENT Specialist,Katrinaton,GA,4.04
Tanya Dillon,Oncologist,East Todd,GA,4.71
Travis Lee,Nephrologist,Thomashaven,GA,4.93
Alexander Garcia,Nephrologist,South Darrell,GA,3.82
Julie Coffey,Pulmonologist,Port Sarah,GA,4.36
Beverly Henry MD,ENT Specialist,New Elaine,GA,4.42
Teresa Morales,Dermatologist,North Jeffrey,GA,4.65
Larry Marshall,Dermatologist,Walkerhaven,GA,3.97
Dr. Michele Thomas,Nephrologist,Lake Tanyastad,GA,4.84
Megan Gonzalez,Cardiologist,Port Kevin,GA,4.28
Katherine Lynn,Dermatologist,North Jeffrey,GA,3.91
Richard Tanner,Pulmonologist,East Shannonmouth,GA,3.52
Antonio Olson,Nephrologist,Peterside,GA,3.83
Paul Robinson,Ophthalmologist,Hunterville,GA,4.23
Nathan Barron,Allergist,New Douglas,GA,4.02
Joseph Vega,Allergist,Simpsonhaven,GA,4.49
Kevin Roberts,General Practitioner,Port Richard,GA,4.38
Toni Woodard,ENT Specialist,Amyview,GA,4.79
Mrs. Victoria Monroe,Allergist,South Calebstad,GA,4.38
Robert Wright,Gastroenterologist,Port Thomasport,GA,4.43
Jose Gonzalez,Gastroenterologist,East Laura,GA,3.7
Julie Mills,Oncologist,East Brian,GA,3.66
Katrina Hayes,Pediatrician,Carolberg,GA,3.92
Randall Thomas,Ophthalmologist,Jamesville,GA,4.63
Joseph Gardner,Rheumatologist,Warrenside,GA,4.78
Amy Martinez,Rheumatologist,New Laurenburgh,GA,3.57
Elizabeth West,Dermatologist,Samanthafurt,GA,4.89
Johnathan Hansen,Allergist,West Victoria,GA,4.18
Rick Mercado,Pediatrician,Leachview,GA,3.73
Tracy Cox,Gastroenterologist,Melissachester,GA,3.72
Barbara Carr,Allergist,New Douglas,GA,4.22
Jerry Lester,Endocrinologist,East Michaelland,GA,4.77
Sabrina Gray,Gastroenterologist,Hardyfort,GA,3.67
George Rodriguez,Orthopedic Surgeon,North Phillipside,GA,3.84
Jermaine Taylor,Pediatrician,South Maryfurt,GA,4.9
Preston Hayden,Dermatologist,Port Emilystad,GA,4.39
Michael Castillo,Ophthalmologist,New Samantha,GA,4.91
Randy Campbell,Ophthalmologist,East Matthewburgh,GA,3.89
Jonathan Johnson,Endocrinologist,Thompsonmouth,GA,4.73
Douglas Snyder,Cardiologist,Thomasview,GA,4.37
Steven Wilson,Dermatologist,Lake Charlesbury,GA,3.97
Amy Camacho,Ophthalmologist,East Matthewburgh,GA,4.34
James Coleman,Cardiologist,Port Angela,GA,4.84
Emily Hill,Gastroenterologist,Romeroside,GA,3.85
Keith Montoya,Ophthalmologist,New Jasminemouth,GA,3.9
Eric Harvey,Gastroenterologist,East Thomasport,GA,3.59
Jose Torres,Ophthalmologist,Jamiemouth,GA,3.82
Wendy Lambert,Gastroenterologist,Port Scott,GA,3.74
Elaine Schneider,Rheumatologist,Port Stevebury,GA,4.56
Ryan Welch,ENT Specialist,North Robert,GA,4.9
Michael Brown,General Practitioner,Ashleyberg,GA,4.03
Walter Patel,General Practitioner,New Karenmouth,GA,4.74
Jennifer Wright,Allergist,South Lisa,GA,3.96
Mrs. Courtney Pierce,Endocrinologist,Thompsonmouth,GA,4.18
Tracy Turner,Dermatologist,Lake Charlesbury,GA,3.78
Allison Melton,Dermatologist,Lake Davidland,GA,4.83
Leah Washington,General Practitioner,Wallerfurt,GA,3.81
Christopher Fleming,Rheumatologist,Russellfort,GA,3.61
Diane Dudley,Pulmonologist,North Robert,GA,4.99
Daniel Goodwin,Pediatrician,Margaretview,GA,4.04
Sabrina Martin,Neurologist,Grahamside,GA,4.67
Scott Rogers,Ophthalmologist,South Angelicaland,GA,3.98
Breanna Saunders,Dermatologist,New Krystal,GA,4.38
Alexis Villarreal,Rheumatologist,South Cherylshire,GA,3.52
Sandra Jones,Nephrologist,Timothyborough,GA,4.3
Christy Espinoza,Pediatrician,Christinaborough,GA,3.94
Rachel Cardenas,ENT Specialist,Moranfort,GA,3.66
Victoria James,Pulmonologist,Kathrynmouth,GA,4.85
Christopher Fisher,Endocrinologist,West Jessicachester,GA,4.31
Mike Banks,Endocrinologist,West Lisaport,GA,4.56
Kathleen Rivera,Gastroenterologist,South Matthew,GA,4.91
Michael Lamb,Dermatologist,North Gary,GA,4.73
Michael Robinson,Pulmonologist,North Linda,GA,3.56
Andrew Caldwell,Pediatrician,West Annetteside,GA,3.94
Eugene Webb,Ophthalmologist,West Keith,GA,4.19
John Clark,Neurologist,Robertsview,GA,4.0
Gary Smith,Endocrinologist,Kevinfort,GA,4.99
Michael Smith,Orthopedic Surgeon,Mossside,GA,4.1
Tammy Campbell,Rheumatologist,Lisaside,GA,4.86
Nathaniel Greene,Cardiologist,Perezburgh,GA,4.87
Jason Silva,Allergist,Whitneybury,GA,4.17
Tiffany Stephens,Endocrinologist,Lisaside,GA,4.07
Jennifer Roberts,Dermatologist,New Donald,GA,4.04
Rachael Hall,Gastroenterologist,North Joyville,GA,4.35
Adrian Sherman,Gastroenterologist,Port Scott,GA,4.18
Tiffany Barnes,Oncologist,East Brian,GA,4.57
Michael Sweeney,Neurologist,Robertostad,GA,3.59
Antonio Hernandez,General Practitioner,South Stephen,GA,3.7
Veronica Patterson,Oncologist,Port Stephenview,GA,4.84
Dylan Lewis,Ophthalmologist,Lake Amandashire,GA,3.85
Cheryl Solomon,Pulmonologist,Parkberg,GA,4.07
James Peterson,Neurologist,North Jamesland,GA,4.21
Victoria Garcia,Endocrinologist,Lake Andrea,GA,4.61
Lori Clark,Dermatologist,Port Haleymouth,GA,4.31
Mike Williams,Neurologist,Lake Tarastad,GA,3.79
Jessica Lewis,Dermatologist,West Adamstad,GA,3.82
Mary Gutierrez,Gastroenterologist,Nicolefort,GA,4.45
Thomas Pearson,Orthopedic Surgeon,Lake Phillip,GA,4.19
Angela Byrd,ENT Specialist,Kimberlyshire,GA,3.59
Katherine Frazier,Endocrinologist,Laurahaven,GA,4.71
Matthew Lucero,Cardiologist,Lake Alexander,GA,4.7
Becky Flores,Dermatologist,Lake Davidland,GA,3.56
Christopher Horn MD,Orthopedic Surgeon,North Ryan,GA,4.79
Patrick Hughes,Endocrinologist,North Michellefort,GA,4.26
Tonya Edwards,Cardiologist,Reynoldsside,GA,4.99
